0,407,429,453,806,1000,1147,1336,1373,1737,1738,1877,3085,3276,3432,3622,3896,4085,4202,4449
1,37,40,49,3374,3969,4468,4473
2,1293,1633,1726,1853,3076,3297,3389,3693
3,359,875,909,942,1476,2481,2720,3752
4,2312
5,1574
6,1576
7,3414
8,536
9,3656
10,2018
11,4375
12,132
13,186
14,3181
15,1213
16,974
17,3987
18,2651
19,1177
20,3460
21,197
22,1942
23,3445
24,1420
25,2266
26,4150
27,302
28,3559
29,1126
30,1192
31,1830
32,1728
33,1742
34,1786
35,1010
36,1158
37,1487
38,2319
39,297
40,550
41,1630
42,2571
43,2463
44,2296
45,3769
46,454
47,4056
48,3184
49,3501
50,1736
51,1042
52,2026
53,4000
54,3670
55,647
56,571
57,922
58,3464
59,4069
60,1560
61,2427
62,1863
63,3940
64,2394
65,2245
66,2967
67,2291
68,4041
69,2965
70,4216
71,2843
72,2625
73,3393
74,4134
75,2528
76,1812
77,2627
78,1194
79,4113
80,1808
81,2477
82,2232
83,2826
84,281
85,1673
86,4333
87,4163
88,1273
89,233
90,2814
91,268
92,3190
93,3910
94,2160
95,2592
96,1722
97,1865
98,2274
99,313
100,1651
101,2224
102,3479
103,3911
104,575
105,2744
106,2063
107,4369
108,1579
109,711
110,2992
111,668
112,2183
113,2836
114,844
115,3215
116,905
117,2293
118,3837
119,1518
120,3719
121,2041
122,1354
123,473
124,1662
125,1822
126,2975
127,1269
128,1383
129,2360
130,4246
131,3516
132,2626
133,4226
134,3850
135,3583
136,4145
137,2218
138,2279
139,1310
140,3059
141,2165
142,2096
143,1729
144,3198
145,888
146,4043
147,3763
148,4235
149,3814
150,4316
151,4306
152,471
153,3139
154,605
155,1753
156,275
157,2897
158,645
159,4011
160,904
161,2408
162,1007
163,3577
164,841
165,3409
166,995
167,3655
168,2014
169,1949
170,3700
171,4012
172,3703
173,2817
174,1330
175,3207
176,2230
177,3096
178,3086
179,2321
180,3650
181,4298
182,779
183,3952
184,3221
185,778
186,1105
187,1415
188,2300
189,410
190,3123
191,3065
192,2914
193,3360
194,3266
195,3187
196,4353
197,2601
198,1697
199,4356
200,3073
201,4261
202,4355
203,3439
204,4160
205,612
206,1409
207,826
208,4419
209,2907
210,207
211,660
212,3330
213,2456
214,1964
215,1642
216,1976
217,1034
218,292
219,3967
220,817
221,3795
222,4279
223,1211
224,1167
225,3254
226,369
227,1228
228,1382
229,3748
230,3037
231,534
232,650
233,1888
234,4396
235,1955
236,2366
237,4026
238,4339
239,4345
240,3571
241,447
242,1681
243,2097
244,1936
245,2338
246,4247
247,4050
248,1393
249,3708
250,3358
251,971
252,2029
253,3968
254,1520
255,2130
256,2740
257,1121
258,4020
259,958
260,1376
261,3055
262,1566
263,2935
264,4039
265,1020
266,2341
267,262
268,3991
269,1260
270,3385
271,150
272,2924
273,3829
274,3348
275,731
276,2074
277,1371
278,2983
279,1817
280,484
281,788
282,3397
283,3569
284,3118
285,4331
286,1523
287,2519
288,1739
289,3596
290,3876
291,3068
292,4288
293,3401
294,2548
295,1740
296,2835
297,4390
298,2482
299,2961
300,2636
301,239
302,901
303,930
304,2485
305,2064
306,3300
307,1304
308,3354
309,449
310,1548
311,3413
312,3632
313,1357
314,1935
315,169
316,3606
317,3786
318,2782
319,1588
320,1112
321,3368
322,2504
323,1190
324,653
325,2617
326,1255
327,1127
328,3535
329,2649
330,1962
331,1175
332,636
333,1690
334,4228
335,1979
336,666
337,3092
338,4120
339,1464
340,174
341,2512
342,3557
343,2711
344,1346
345,3256
346,4285
347,1477
348,1762
349,1340
350,112
351,423
352,4381
353,858
354,3540
355,4365
356,3263
357,1150
358,1706
359,661
360,3760
361,4073
362,1421
363,4083
364,3867
365,4057
366,1602
367,3781
368,170
369,2446
370,2410
371,3937
372,2148
373,756
374,2692
375,2479
376,693
377,2133
378,4169
379,1424
380,1146
381,3797
382,3742
383,1705
384,3521
385,3437
386,1804
387,1028
388,766
389,1701
390,3785
391,2389
392,1663
393,3848
394,3142
395,3791
396,1961
397,2751
398,2808
399,4328
400,559
401,2621
402,4281
403,1746
404,4119
405,620
406,1525
407,530
408,1973
409,2414
410,2426
411,3515
412,444
413,882
414,3529
415,4274
416,1570
417,894
418,2046
419,3816
420,3864
421,460
422,2932
423,1821
424,2192
425,363
426,1908
427,2658
428,3251
429,468
430,3808
431,4017
432,2271
433,3022
434,2775
435,129
436,346
437,1087
438,601
439,997
440,326
441,2943
442,329
443,852
444,555
445,2778
446,2084
447,709
448,1375
449,4021
450,4362
451,265
452,1745
453,1748
454,4262
455,725
456,1362
457,1221
458,4227
459,1919
460,2457
461,2431
462,3228
463,2575
464,135
465,2832
466,4064
467,1152
468,3717
469,1069
470,3239
471,194
472,153
473,2582
474,1558
475,2345
476,617
477,1664
478,3419
479,279
480,1953
481,4340
482,3195
483,2971
484,3574
485,2551
486,2991
487,1886
488,2392
489,698
490,4080
491,1418
492,3265
493,254
494,3380
495,1457
496,3070
497,1565
498,1135
499,2520
500,3331
501,1720
502,2114
503,340
504,2144
505,1210
506,4094
508,3820
509,2979
510,1205
511,1939
512,1573
513,2373
514,4448
515,886
516,906
517,1437
518,4225
519,979
520,1862
521,2276
522,2418
523,606
524,1719
525,1168
526,419
527,2404
528,4312
529,738
530,3226
531,2730
532,1149
533,1702
534,1803
535,1992
536,2628
537,2226
538,761
539,898
540,978
541,2065
542,2822
543,137
544,107
545,1416
546,1453
547,1314
548,1009
549,631
550,2801
551,1694
552,774
553,2250
554,594
555,488
556,1197
557,1411
558,1868
559,3500
560,2455
561,4100
562,1667
563,1170
564,3811
565,2325
566,2947
567,1312
568,1252
569,715
570,2023
571,2017
572,1952
573,3488
574,87
575,996
576,1515
577,2008
578,124
579,2912
580,2199
581,3463
582,701
583,2423
584,2019
585,3550
586,2734
587,450
588,677
589,2524
590,3857
591,3084
592,1154
593,1414
594,2670
595,1315
596,1238
597,4209
598,3274
599,810
600,4427
601,518
602,1554
603,1199
604,2030
605,2027
606,296
607,1191
608,593
609,381
610,2060
611,3062
612,1671
613,543
614,1818
615,1405
616,1980
617,2153
618,2161
619,4114
620,2217
621,1920
622,1153
623,832
624,1232
625,2304
626,2497
627,771
628,2464
629,4007
630,1521
631,362
632,2269
633,4243
634,3964
635,2363
636,992
637,2867
638,2492
639,744
640,3284
641,1208
642,213
643,4299
644,1206
645,4338
646,225
647,1011
648,1179
649,2879
650,3406
651,4144
652,3773
653,1522
654,1311
655,4440
656,4436
657,965
658,342
659,1535
660,565
661,3707
662,3376
663,945
664,336
665,3975
666,1568
667,1638
668,1873
669,276
670,2986
671,3242
672,133
673,2820
674,1367
675,4078
676,372
677,3726
678,277
679,3178
680,3721
681,3673
682,2923
683,2939
684,801
685,1242
686,1947
687,2155
688,3686
689,916
690,3417
691,3214
692,2525
693,1403
694,1122
695,2429
696,836
697,3985
698,805
699,120
700,3377
701,1408
702,3745
703,3292
704,3071
705,455
706,2185
707,106,108,113
708,2927
709,3468
710,4435
711,3074
712,2307
713,4014
714,1466
715,2538
716,3554
717,2486
718,2057
719,3657
720,2911
721,1909
722,1910
723,2072
724,2270
725,2037
726,2530
727,1289
728,492
729,3913
730,4185
731,3891
732,1182
733,2656
734,3925
735,3734
736,1882
737,1927
738,4289
739,1891
740,140
741,3364
742,462
743,3699
744,735
745,3250
746,190
747,1499
748,321
749,491
750,760
751,1749
752,2182
753,535
754,1128
755,3856
756,866
757,3081
758,3503
759,3019
760,2301
761,2685
762,318
763,3963
764,1089
765,3473
766,667
767,2804
768,776
769,2560
770,736
771,483
772,2422
773,493
774,4223
775,3027
776,3741
777,1831
778,3447
779,714
780,891
781,1143
782,3507
783,2167
784,3303
785,482
786,1971
787,3111
788,1790
789,3625
790,1119
791,2461
792,2329
793,2119
794,2729
795,3119
796,2886
797,58
798,1784
799,751
800,2337
801,2137
802,3044
803,4453
804,1174
805,2854
806,3461
807,1160
808,3268
809,1636
810,1770
811,1769
812,762
813,422
814,94
815,241
816,2380
817,2186
818,4132
819,3789
820,3211
821,621
822,1444
823,2756
824,486
825,3457
826,2865
827,1926
828,2213
829,2500
830,2962
831,522
832,2963
833,1670
834,1063
835,4203
836,2748
837,1379
838,3995
839,53
840,4128
841,1290
842,911
843,3208
844,3779
845,4359
846,1789
847,1108
848,147
849,4149
850,3293
851,185
852,1298
853,730
854,3858
855,3959
856,1248
857,3749
858,934
859,4348
860,1299
861,2462
862,1514
863,2868
864,3665
865,2306
866,787
867,662
868,1703
869,2680
870,330
871,2999
872,3649
873,2263
874,75
875,678
876,975
877,2545
878,1658
879,1799
880,3145
881,2070
882,3894
883,2440
884,4320
885,741
886,2873
887,885
888,3372
889,3955
890,2584
891,3898
892,4373
893,3143
894,2618
895,1178
896,3249
897,3994
898,1478
899,1660
900,2163
901,3759
902,3552
903,848
904,4364
905,1163
906,2502
907,4192
908,305
909,2630
910,2701
911,306
912,3396
913,3213
914,1254
915,2490
916,876
917,2425
918,1511
919,2042
920,3528
921,3240
922,3537
923,2295
924,2233
925,2501
926,1597
927,769
928,3480
929,1899
930,3793
931,3933
932,3454
933,2657
934,2580
935,4018
936,2350
937,3478
938,3280
939,3261
940,2212
941,651
942,984
943,3813
944,4416
945,3132
946,430
947,189
948,3644
949,4019
950,1563
951,2494
952,1781
953,2051
954,48
955,498
956,1395
957,1937
958,3908
959,3890
960,2219
961,3235
962,1637
963,1878
964,1261
965,1527
966,1325
967,2842
968,3466
969,3878
970,3728
971,1165
972,3639
973,616
974,2207
975,1352
976,1913
977,2468
978,1546
979,131
980,3018
981,3244
982,178
983,4101
984,1267
985,3579
986,1631
987,3591
988,998
989,476
990,2034
991,3923
992,319
993,3531
994,1809
995,3404
996,3610
997,92
998,2257
999,3936
1000,3309
1001,1773
1002,3112
1003,1530
1004,3978
1005,549
1006,2197
1007,2726
1008,3299
1009,4105
1010,3295
1011,2624
1012,2878
1013,867
1014,3587
1015,597
1016,4082
1017,2393
1018,448
1019,2555
1020,3083
1021,2150
1022,3172
1023,2728
1024,1843
1025,230
1026,4088
1027,1064
1028,4260
1029,478
1030,350
1031,1687
1032,400
1033,2134
1034,3530
1035,3508
1036,494
1037,4045
1038,2080
1039,4248
1040,2925
1041,1492
1042,4177
1043,4321
1044,1131
1045,2142
1046,977
1047,3957
1048,1993
1049,2099
1050,2869
1051,808
1052,472
1053,4158
1054,1332
1055,2532
1056,2324
1057,2313
1058,2885
1059,54
1060,416
1061,827
1062,3441
1063,3988
1064,2424
1065,52
1066,3597
1067,3282
1068,4392
1069,1689
1070,1505
1071,4251
1072,480
1073,639,641
1074,2432
1075,4075
1076,879
1077,843
1078,1465
1079,2128
1080,576
1081,103,109,111
1082,2540
1083,4363
1084,1580
1085,1834
1086,1214
1087,838
1088,1924
1089,652
1090,3310
1091,181
1092,2959
1093,418
1094,1838
1095,4397
1096,2781
1097,765
1098,567
1099,1456
1100,798
1101,2240
1102,2268
1103,2237
1104,1264
1105,4476
1106,2733
1107,840
1108,524
1109,881
1110,4236
1111,1591
1112,1497
1113,1217
1114,3613
1115,918
1116,1224
1117,1621
1118,2297
1119,474
1120,1864
1121,3546
1122,4303
1123,3735
1124,1835
1125,679
1126,1643
1127,414
1128,3768
1129,4422
1130,2882
1131,833
1132,521
1133,3881
1134,3698
1135,1599
1136,3106
1137,1216
1138,2241
1139,1944
1140,3307
1141,1460
1142,121
1143,1406
1144,3134
1145,1557
1146,4376
1147,970
1148,532
1149,2328
1150,4454
1151,1265
1152,4295
1153,3349
1154,1921
1155,294
1156,4008
1157,1851
1158,1500
1159,1850
1160,2138
1161,3483
1162,3607
1163,465
1164,1099
1165,1772
1166,2608
1167,3690
1168,3801
1169,4106
1170,2472
1171,2905
1172,3510
1173,1243
1174,1616
1175,4159
1176,2095
1177,2645
1178,2944
1179,2364
1180,343
1181,702
1182,1788
1183,2411
1184,1744
1185,2349
1186,191
1187,3945
1188,1446
1189,2248
1190,1912
1191,3702
1192,4027
1193,2320
1194,4131
1195,1138
1196,1654
1197,2265
1198,2960
1199,581
1200,2940
1201,2622
1202,3093
1203,1288
1204,1328
1205,157
1206,1709
1207,3611
1208,953
1209,3246
1210,217
1211,3209
1212,2987
1213,4462
1214,4219
1215,3097
1216,1934
1217,2151
1218,3425
1219,4200
1220,568
1221,2036
1222,1327
1223,4351
1224,4136
1225,2770
1226,1282
1227,3762
1228,4023
1229,475
1230,311
1231,938
1232,3870
1233,1398
1234,4224
1235,392
1236,2087
1237,1907
1238,3179
1239,397
1240,4193
1241,1285
1242,547
1243,495
1244,1130
1245,3006
1246,912
1247,1837
1248,1227
1249,542
1250,1901
1251,1855
1252,3151
1253,2928
1254,102,104,105
1255,837
1256,1377
1257,1498
1258,3154
1259,2480
1260,3262
1261,3394
1262,240
1263,2605
1264,3948
1265,1624
1266,3080
1267,2642
1268,2920
1269,2118
1270,261
1271,3547
1272,3388
1273,526
1274,2100
1275,1422
1276,1071
1277,2774
1278,3224
1279,1805
1280,3462
1281,608
1282,3283
1283,1686
1284,2511
1285,4411
1286,2378
1287,584
1288,1142
1289,4170
1290,1765
1291,3141
1292,3798
1293,924
1294,4167
1295,897
1296,1049
1297,3436
1298,2849
1299,4102
1300,2784
1301,743
1302,97
1303,3543
1304,854
1305,2355
1306,2344
1307,1043
1308,4438
1309,2357
1310,991
1311,3852
1312,794
1313,2164
1314,4214
1315,156
1316,4172
1317,869
1318,3614
1319,1945
1320,1471
1321,1342
1322,1353
1323,3832
1324,1402
1325,1923
1326,339
1327,1898
1328,3863
1329,2862
1330,1429
1331,964
1332,4336
1333,1417
1334,3313
1335,2793
1336,3713
1337,3817
1338,3605
1339,1188
1340,1827
1341,4166
1342,3900
1343,2154
1344,1271
1345,3847
1346,2887
1347,440
1348,2699
1349,3524
1350,2510
1351,1977
1352,670
1353,2264
1354,1237
1355,4284
1356,1823
1357,208
1358,3375
1359,3367
1360,3229
1361,4125
1362,1875
1363,2078
1364,2399
1365,3926
1366,849
1367,3599
1368,1001
1369,74
1370,2475
1371,4409
1372,4360
1373,4292
1374,4115
1375,399
1376,4165
1377,4196
1378,3753
1379,1718
1380,3564
1381,1840
1382,686
1383,3020
1384,490
1385,1550
1386,4294
1387,1387
1388,1552
1389,1648
1390,902
1391,1903
1392,2704
1393,234
1394,3200
1395,2317
1396,1750
1397,655
1398,3771
1399,2609
1400,3743
1401,2340
1402,60
1403,2125
1404,789
1405,2818
1406,2210
1407,3004
1408,1133
1409,2586
1410,3192
1411,1551
1412,3875
1413,1958
1414,4004
1415,4044
1416,1040
1417,1234
1418,1113
1419,3697
1420,2441
1421,3930
1422,980
1423,1826
1424,1564
1425,4304
1426,328
1427,1678
1428,966
1429,1610
1430,3320
1431,264
1432,3885
1433,1608
1434,3346
1435,3865
1436,947
1437,3628
1438,919
1439,592
1440,2780
1441,1294
1442,2541
1443,3974
1444,4350
1445,501
1446,2285
1447,4447
1449,2727
1450,293
1451,2990
1452,347
1453,3714
1454,2802
1455,648
1456,3558
1457,2637
1458,913
1459,3427
1460,1562
1461,3278
1462,781
1463,1023
1464,675
1465,2247
1466,3030
1467,3627
1468,2790
1469,2918
1470,873
1471,583
1472,3922
1473,1482
1474,2375
1475,3416
1476,3121
1477,1072
1478,2640
1479,2327
1480,515
1481,3042
1482,3412
1483,1508
1484,258
1485,3127
1486,4053
1487,2076
1488,649
1489,481
1490,3509
1491,4175
1492,204
1493,4047
1494,3979
1495,2705
1496,4431,4456
1497,4254
1498,724
1499,4302
1500,1233
1501,165
1502,1590
1503,1365
1504,4096
1505,1374
1506,2845
1507,2413
1508,1438
1509,4265
1510,3040
1511,598
1512,3140
1513,2534
1514,2141
1515,1506
1516,324
1517,403
1518,1381
1519,4141
1520,3727
1521,855
1522,1461
1523,611
1524,2684
1525,3098
1526,4025
1527,895
1528,3903
1529,1396
1530,1842
1531,2536
1532,1134
1533,4441
1534,2028
1535,4110
1536,162
1537,3094
1538,2671
1539,3525
1540,3485
1541,2052
1542,2450
1543,3711
1544,2966
1545,2466
1546,411
1547,2749
1548,3917
1549,428
1550,4319
1551,710
1552,3191
1553,2048
1554,1413
1555,4241
1556,4335
1557,510
1558,1713
1559,2978
1560,2903
1561,2607
1562,375
1563,1307
1564,673
1565,2460
1566,2449
1567,337
1568,635
1569,263
1570,1710
1571,4173
1572,1223
1573,1587
1574,252
1575,537
1576,2045
1577,2647
1578,1462
1579,3319
1580,3539
1581,3334
1582,3909
1583,3621
1584,2273
1585,1050
1586,307
1587,2309
1588,1473
1589,3533
1590,4275
1591,3247
1593,1969
1594,164
1595,1606
1596,4467
1597,445
1598,2284
1599,1286
1600,2591
1601,4058
1602,2013
1603,3026
1604,3341
1605,3160
1606,770
1607,824
1608,1022
1609,3526
1610,926
1611,3545
1612,4142
1613,1364
1614,3514
1615,2724
1616,3679
1617,880
1618,1157
1619,1641
1620,2387
1621,732
1622,1249
1623,684
1624,289
1625,3252
1626,3402
1627,2550
1628,2689
1629,1389
1630,2336
1631,3325
1632,1802
1633,1731
1634,2246
1635,2851
1636,3512
1637,2015
1638,1695
1639,1230
1640,4483
1641,4204
1642,3323
1643,1916
1644,595
1645,3345
1646,3379
1647,1430
1648,2416
1649,2406
1650,4273
1651,1996
1652,4231
1653,3887
1654,3435
1655,1162
1656,3233
1657,3566
1658,1441
1659,2120
1660,2249
1661,539
1662,2747
1663,830
1664,864
1665,4354
1666,3148
1667,3378
1668,2523
1669,591
1670,1102
1671,4195
1672,4055
1673,4162
1674,1058
1675,3624
1676,3495
1677,2725
1678,585
1679,4033
1680,3335
1681,1763
1682,2745
1683,3954
1684,4133
1685,1628
1686,699
1687,1724
1688,184
1689,1436
1690,2473
1691,1088
1692,4327
1693,1061
1694,3398
1695,1900
1696,682
1697,899
1698,2260
1699,2681
1700,1029
1701,4426
1702,352
1703,1800
1704,2597
1705,4296
1706,1524
1707,1994
1708,1308
1709,3373
1710,4081
1711,50
1712,2828
1713,4315
1714,99
1715,2800
1716,1917
1717,1338
1718,3932
1719,1448
1720,1319
1721,2526
1722,1933
1723,2650
1724,24
1725,1682
1726,2558
1727,1598
1728,433
1729,2563
1730,1545
1731,4253
1732,1954
1733,4184
1734,1412
1735,2635
1736,3943
1737,3701
1738,1657
1739,3984
1740,2024
1741,315
1742,127
1743,681
1744,2088
1745,1198
1746,3918
1747,1054
1748,825
1749,373
1750,883
1751,2954
1752,2132
1753,1801
1754,2470
1755,2353
1756,2079
1757,4070
1758,2356
1759,3421
1760,3291
1761,1423
1762,3609
1763,1427
1764,4406
1765,1204
1766,4244
1767,1859
1768,3101
1769,717
1770,861
1771,128
1772,4234
1773,3553
1774,2454
1775,1679
1776,3138
1777,786
1778,2894
1779,1185
1780,394
1781,1941
1782,3626
1783,248
1784,4382
1785,2495
1786,1212
1787,2091
1788,2892
1789,2382,2405
1790,3889
1791,1097
1792,364
1793,1274
1794,1107
1795,2889
1796,134
1797,406
1798,2763
1799,3775
1800,1707
1801,3827
1802,1181
1803,3608
1804,644
1805,2792
1806,142
1807,4268
1808,3822
1809,4054
1810,2798
1811,1084
1812,889
1813,2653
1814,3849
1815,1039
1816,802
1817,3442
1818,2503
1819,1544
1820,1639
1821,173
1822,3809
1823,323
1824,4002
1825,4450
1826,82
1827,237
1828,1596
1829,2910
1830,2765
1831,3694
1832,791
1833,4034
1834,4013
1835,985
1836,1038
1837,1060
1838,1547
1839,3935
1840,1605
1841,2973
1842,1125
1843,1110
1844,1378
1845,3504
1846,1811
1847,2779
1848,1617
1849,2021
1850,3395
1851,1959
1852,3241
1853,2011
1854,2957
1855,2179
1856,2900
1857,1334
1858,325
1859,3623
1860,2166
1861,1161
1862,2107
1863,1431
1864,3998
1865,3486
1866,572
1867,4217
1868,4116
1869,3695
1870,2386
1871,553
1872,3520
1873,1650
1874,1704
1875,459
1876,1672
1877,3799
1878,4380
1879,628
1880,2231
1881,2420
1882,907
1883,2055
1884,4190
1885,3270
1886,748
1887,3032
1888,2899
1889,2757
1890,3482
1891,1872
1892,739
1893,2698
1894,1044
1895,4455
1896,1032
1897,4035
1898,993
1899,420
1900,2201
1901,1493
1902,3109
1903,3854
1904,3758
1905,4051
1906,3776
1907,1925
1908,3833
1909,3990
1910,809
1911,46
1912,893
1913,4484
1914,3638
1915,4237
1916,212
1917,3066
1918,1652
1919,2682
1920,242
1921,3043
1922,3612
1923,2762
1924,4403
1925,3451
1926,1494
1927,856
1928,792
1929,4148
1930,3259
1931,2838
1932,1764
1933,3949
1934,4314
1935,3357
1936,2093
1937,1425
1938,3429
1939,1018
1940,3317
1941,3146
1942,780
1943,3386
1944,2922
1945,695
1946,4042
1947,1484
1948,4138
1949,1320
1950,1844
1951,2766
1952,968
1953,1866
1954,4272
1955,3534
1956,1388
1957,2447
1958,4095
1959,182
1960,2612
1961,1036
1962,3996
1963,457
1964,3662
1965,3616
1966,1797
1967,3519
1968,1503
1969,3653
1970,3772
1971,4084
1972,3744
1973,3517
1974,3757
1975,2004
1976,3212
1977,4179
1978,1609
1979,941
1980,3405
1981,2677
1982,4290
1983,2400
1984,3570
1985,4029
1986,3834
1987,2823
1988,247
1989,3696
1990,2436
1991,999
1992,3196
1993,820
1994,4147
1995,509
1996,560
1997,708
1998,1433
1999,1024
2000,2951
2001,688
2002,4157
2003,1275
2004,3189
2005,545
2006,2755
2007,2977
2008,3853
2009,290
2010,2998
2011,1922
2012,949
2013,1950
2014,763
2015,355
2016,71
2017,3231
2018,578
2019,458
2020,1677
2021,3387
2022,1653
2023,1930
2024,1283
2025,402
2026,1814
2027,1829
2028,1675
2029,2282
2030,1017
2031,2754
2032,3637
2033,811
2034,3819
2035,3927
2036,1502
2037,3061
2038,3643
2039,2388
2040,301
2041,556
2042,2596
2043,272
2044,3185
2045,1509
2046,1083
2047,3592
2048,2193
2049,3052
2050,1120
2051,3116
2052,341
2053,1957
2054,541
2055,1485
2056,663
2057,2203
2058,986
2059,1404
2060,3642
2061,1892
2062,3033
2063,1561
2064,939
2065,1504
2066,1889
2067,821
2068,1931
2069,871
2070,1309
2071,3511
2072,1335
2073,1712
2074,144
2075,2791
2076,3034
2077,2223
2078,3518
2079,3135
2080,1585
2081,3920
2082,2121
2083,1472
2084,1452
2085,658
2086,220
2087,564
2088,393
2089,2054
2090,3818
2091,1355
2092,1867
2093,255
2094,4425
2095,1008
2096,1611
2097,2068
2098,4313
2099,2010
2100,1159
2101,1019
2102,988
2103,338
2104,950
2105,365
2106,236
2107,3646
2108,1186
2109,2610
2110,3279
2111,807
2112,2124
2113,2493
2114,489
2115,2339
2116,4121
2117,2445
2118,976
2119,1082
2120,1583
2121,2557
2122,2009
2123,2855
2124,3573
2125,3175
2126,3159
2127,3253
2128,1321
2129,3301
2130,1052
2131,4046
2132,1569
2133,183
2134,1626
2135,3336
2136,1253
2137,1106
2138,2703
2139,371
2140,1543
2141,2022
2142,2112
2143,987
2144,3210
2145,3008
2146,4156
2147,2788
2148,4015
2149,438
2150,3328
2151,525
2152,4421
2153,1512
2154,1139
2155,2342
2156,3904
2157,4215
2158,4117
2159,3443
2160,1067
2161,1884
2162,2361
2163,2374
2164,3000
2165,413
2166,167
2167,2383
2168,3087
2169,1989
2170,2156
2171,4168
2172,3234
2173,2872
2174,2902
2175,546
2176,1486
2177,1468
2178,3710
2179,96
2180,4182
2181,932
2182,2225
2183,3418
2184,1715
2185,3971
2186,2934
2187,2664
2188,2678
2189,1258
2190,3581
2191,3914
2192,3907
2193,3934
2194,2753
2195,2090
2196,716
2197,3031
2198,3603
2199,2570
2200,3491
2201,3227
2202,915
2203,1363
2204,951
2205,1239
2206,3225
2207,3102
2208,4329
2209,1519
2210,3778
2211,519
2212,4301
2213,3724
2214,3897
2215,4324
2216,4107
2217,3369
2218,527
2219,3692
2220,466
2221,1370
2222,1209
2223,2067
2224,3966
2225,435
2226,1240
2227,2796
2228,1572
2229,2559
2230,4032
2231,1296
2232,4280
2233,246
2234,3689
2235,2776
2236,2326
2237,3487
2238,3426
2239,665
2240,720
2241,4201
2242,3431
2243,3560
2244,839
2245,2736
2246,797
2247,2898
2248,1981
2249,3430
2250,4024
2251,2033
2252,4267
2253,1887
2254,514
2255,1894
2256,2081
2257,2827
2258,3718
2259,4270
2260,1003
2261,3090
2262,4352
2263,3736
2264,3764
2265,2292
2266,2921
2267,4030
2268,3648
2269,4242
2270,1350
2271,1324
2272,599
2273,2398
2274,1767
2275,2255
2276,746
2277,3005
2278,2695
2279,2694
2280,2272
2281,4402
2282,1819
2283,356
2284,818
2285,391
2286,2623
2287,426
2288,3238
2289,2335
2290,4385
2291,1603
2292,1027
2293,3475
2294,4326
2295,4127
2296,1030
2297,607
2298,463
2299,4341
2300,2169
2301,4198
2302,857
2303,452
2304,2489
2305,209
2306,464
2307,1098
2308,3220
2309,2189
2310,3499
2311,694
2312,600
2313,3057
2314,3422
2315,2071
2316,3951
2317,2438
2318,1270
2319,4371
2320,331
2321,4323
2322,1825
2323,2771
2324,2904
2325,1929
2326,1077
2327,3356
2328,994
2329,3498
2330,3173
2331,3774
2332,2573
2333,3290
2334,917
2335,642
2336,3888
2337,629
2338,2673
2339,2777
2340,757
2341,3444
2342,2188
2343,1758
2344,2252
2345,3598
2346,2509
2347,3565
2348,2721
2349,3663
2350,446
2351,3326
2352,4016
2353,1117
2354,1035
2355,4205
2356,3216
2357,1401
2358,441
2359,623
2360,2007
2361,619
2362,1943
2363,3182
2364,67
2365,2115
2366,1685
2367,145
2368,2001
2369,1782
2370,1529
2371,1281
2372,956
2373,2032
2374,4103
2375,3392
2376,44
2377,1757
2378,3761
2379,2256
2380,1589
2381,3825
2382,865
2383,4189
2384,122
2385,2679
2386,3089
2387,3481
2388,1807
2389,4092
2390,1501
2391,2891
2392,860
2393,2178
2394,1553
2395,2909
2396,3733
2397,3014
2398,1806
2399,1059
2400,3248
2401,1318
2402,2211
2403,1982
2404,2552
2405,1390
2406,511
2407,1263
2408,2465
2409,4087
2410,4252
2411,2981
2412,4230
2413,3586
2414,1176
2415,2852
2416,3343
2417,1037
2418,2507
2419,2537
2420,1090
2421,2452
2422,4062
2423,1215
2424,310
2425,3916
2426,412
2427,3176
2428,3846
2429,2810
2430,2853
2431,3688
2432,320
2433,2444
2434,2660
2435,1613
2436,1601
2437,499
2438,3944
2439,3905
2440,1644
2441,589
2442,933
2443,4399
2444,3285
2445,1391
2446,842
2447,3715
2448,1985
2449,3407
2450,823
2451,764
2452,81
2453,1815
2454,719
2455,376
2456,845
2457,2866
2458,267
2459,2561
2460,1419
2461,1965
2462,2535
2463,566
2464,2646
2465,505
2466,3806
2467,357
2468,1858
2469,2816
2470,2066
2471,1114
2472,2140
2473,1841
2474,351
2475,2474
2476,1531
2477,3137
2478,1730
2479,3977
2480,3171
2481,3041
2482,3091
2483,2783
2484,1361
2485,2590
2486,2346
2487,146
2488,1618
2489,3999
2490,1081
2491,2376
2492,1854
2493,3054
2494,3737
2495,3729
2496,2354
2497,366
2498,3013
2499,4218
2500,1317
2501,2220
2502,3036
2503,2883
2504,544
2505,2147
2506,3095
2507,1272
2508,2469
2509,3064
2510,333
2511,250
2512,3302
2513,672
2514,3294
2515,3183
2516,1714
2517,2949
2518,1104
2519,3682
2520,624
2521,610
2522,2895
2523,3860
2524,1932
2525,983
2526,908
2527,3877
2528,2005
2529,3803
2530,379
2531,928
2532,754
2533,1507
2534,149
2535,2522
2536,1828
2537,3465
2538,2152
2539,2871
2540,3986
2541,4240
2542,3989
2543,469
2544,1236
2545,3636
2546,2227
2547,4357
2548,1988
2549,954
2550,3751
2551,3359
2552,3961
2553,705
2554,2187
2555,4037
2556,2362
2557,4342
2558,3342
2559,921
2560,434
2561,3674
2562,3350
2563,3536
2564,2587
2565,3164
2566,1277
2567,1876
2568,4366
2569,2619
2570,1759
2571,4066
2572,3578
2573,718
2574,1619
2575,614
2576,1302
2577,3038
2578,638
2579,2106
2580,1380
2581,2098
2582,2837
2583,1351
2584,3452
2585,222
2586,308
2587,2311
2588,2926
2589,485
2590,4052
2591,1193
2592,382
2593,1297
2594,2710
2595,4318
2596,1895
2597,3652
2598,2948
2599,1893
2600,3874
2601,4124
2602,3058
2603,640
2604,2759
2605,1489
2606,846
2607,1510
2608,643
2609,386
2610,1368
2611,2693
2612,63
2613,2997
2614,354
2615,1066
2616,2652
2617,3747
2618,1313
2619,2318
2620,3687
2621,3824
2622,3921
2623,685
2624,831
2625,2094
2626,3828
2627,1026
2628,1469
2629,3180
2630,1341
2631,2668
2632,177
2633,73
2634,874
2635,2384
2636,2604
2637,387
2638,2310
2639,1708
2640,1727
2641,3338
2642,1244
2643,795
2644,3115
2645,920
2646,3851
2647,3010
2648,2195
2649,1065
2650,3156
2651,2131
2652,910
2653,3308
2654,570
2655,4386
2656,4060
2657,503
2658,3275
2659,573
2660,4347
2661,1948
2662,533
2663,1145
2664,2315
2665,2599
2666,291
2667,2214
2668,1195
2669,4393
2670,3842
2671,3264
2672,3490
2673,1021
2674,2251
2675,3841
2676,2476
2677,1755
2678,1123
2679,1226
2680,3149
2681,745
2682,312
2683,3826
2684,637
2685,361
2686,1604
2687,1760
2688,927
2689,721
2690,2331
2691,1358
2692,3188
2693,1348
2694,2641
2695,3645
2696,2359
2697,168
2698,2038
2699,4199
2700,3484
2701,3585
2702,1169
2703,1571
2704,3993
2705,2732
2706,859
2707,3843
2708,1647
2709,1399
2710,3072
2711,3363
2712,1600
2713,1459
2714,4187
2715,1014
2716,3082
2717,3939
2718,1202
2719,3108
2720,284
2721,3029
2722,3691
2723,3408
2724,2289
2725,2020
2726,91
2727,1659
2728,4197
2729,773
2730,4418
2731,3016
2732,3981
2733,2955
2734,4104
2735,1005
2736,4464
2737,1329
2738,3305
2739,558
2740,712
2741,946
2742,1070
2743,1754
2744,266
2745,1880
2746,4118
2747,3884
2748,4322
2749,1245
2750,4031
2751,1998
2752,1164
2753,349
2754,2050
2755,405
2756,3077
2757,4208
2758,2208
2759,192
2760,4207
2761,3555
2762,2529
2763,2738
2764,3153
2765,4212
2766,2278
2767,2173
2768,2676
2769,3780
2770,737
2771,1085
2772,1732
2773,2435
2774,3677
2775,2847
2776,772
2777,633
2778,1852
2779,2521
2780,2936
2781,3915
2782,1688
2783,270
2784,752
2785,4111
2786,1733
2787,4222
2788,2006
2789,931
2790,2113
2791,1674
2792,4334
2793,3946
2794,563
2795,2996
2796,4176
2797,3428
2798,2799
2799,3474
2800,957
2801,3805
2802,3223
2803,3352
2804,1385
2805,1793
2806,4006
2807,1337
2808,2984
2809,3658
2810,1634
2811,2437
2812,4067
2813,4367
2814,884
2815,561
2816,4086
2817,4038
2818,579
2819,796
2820,4282
2821,1836
2822,421
2823,3676
2824,3205
2825,388
2826,3589
2827,2603
2828,1442
2829,2122
2830,3731
2831,759
2832,205
2833,370
2834,2813
2835,2039
2836,3767
2837,2632
2838,4250
2839,4297
2840,3312
2841,4068
2842,1394
2843,582
2844,2082
2845,4154
2846,155
2847,2929
2848,3236
2849,2428
2850,3615
2851,1897
2852,3193
2853,4305
2854,2000
2855,3766
2856,344
2857,4358
2858,1717
2859,244
2860,2194
2861,1091
2862,892
2863,143
2864,2767
2865,1795
2866,1109
2867,4361
2868,1048
2869,2174
2870,1541
2871,3678
2872,4344
2873,1284
2874,4010
2875,4407
2876,4221
2877,2058
2878,676
2879,2196
2880,3541
2881,1856
2882,100
2883,2069
2884,3222
2885,80
2886,126
2887,1295
2888,2985
2889,1721
2891,502
2892,1080
2893,963
2894,226
2895,3351
2896,2089
2897,1951
2898,516
2899,1262
2900,2916
2901,3972
2902,1397
2903,1540
2904,4387
2905,3845
2906,2970
2907,1792
2908,3124
2909,3126
2910,1410
2911,3315
2912,3230
2913,1428
2914,1015
2915,2243
2916,4072
2917,2600
2918,2175
2919,3787
2920,1445
2921,1534
2922,3339
2923,3669
2924,2184
2925,2989
2926,2631
2927,3804
2928,3169
2929,3003
2931,704
2932,1693
2933,257
2934,4276
2935,3177
2936,3716
2937,3872
2938,148
2939,3705
2940,396
2941,432
2942,4277
2943,3060
2944,3217
2945,1549
2946,3740
2947,2870
2948,327
2949,2758
2950,2239
2951,3007
2952,298
2953,3440
2954,3588
2955,3382
2956,4139
2957,2347
2958,3025
2959,3654
2960,2506
2961,232
2962,727
2963,2995
2964,1911
2965,3272
2966,960
2967,2442
2968,4122
2969,2874
2970,1041
2971,477
2972,1488
2973,2768
2974,1129
2975,3672
2976,3206
2977,2003
2978,1986
2979,2785
2980,3992
2981,251
2982,1229
2983,4470
2984,1004
2985,2969
2986,4194
2987,1567
2988,4079
2989,4311
2990,2803
2991,4076
2992,2515
2993,1635
2994,2488
2995,1536
2996,288
2997,3668
2998,1366
2999,3028
3000,3053
3001,2946
3002,334
3003,439
3004,4191
3005,1848
3006,4003
3007,2543
3008,385
3009,1532
3010,4090
3011,1443
3012,903
3013,1832
3014,2648
3015,3899
3016,574
3017,2672
3018,1734
3019,2687
3020,1846
3021,2739
3022,3494
3023,253
3024,3114
3025,1279
3026,3782
3027,656
3028,3712
3029,1166
3030,1006
3031,1251
3032,115
3033,3202
3034,2139
3035,1171
3036,1810
3037,3840
3038,171
3039,1775
3040,2123
3041,1847
3042,4028
3043,1533
3044,2191
3045,1890
3046,2815
3047,626
3048,1136
3049,3243
3050,674
3051,4112
3052,1680
3053,335
3054,3685
3055,683
3056,1918
3057,804
3058,395
3059,2516
3060,948
3061,4412
3062,587
3063,3684
3064,3067
3065,4374
3066,1132
3067,520
3068,2769
3069,3618
3070,282
3071,4146
3072,1012
3073,747
3074,3056
3075,1974
3076,1649
3077,2633
3078,3144
3079,4077
3080,4474
3081,317
3082,2171
3083,923
3084,2716
3085,3456
3086,3355
3087,1172
3088,2056
3089,3197
3090,3912
3091,2491
3092,1475
3093,2135
3094,2941
3095,2972
3096,2415
3097,3353
3098,775
3099,1455
3100,2471
3101,1735
3102,664
3103,2913
3104,2634
3105,280
3106,2654
3107,3950
3108,2302
3109,360
3110,1344
3111,3906
3112,1711
3113,1276
3114,3125
3115,3423
3116,2737
3117,3730
3118,1053
3119,2159
3120,1780
3121,850
3122,1183
3123,3163
3124,1051
3125,3131
3126,1696
3127,3548
3128,2638
3129,3009
3130,961
3131,3527
3132,2938
3133,221
3134,596
3135,436
3136,1723
3137,557
3138,1483
3139,2620
3140,2215
3141,3122
3142,3332
3143,863
3144,380
3145,3502
3146,299
3147,2611
3148,512
3149,3542
3150,3340
3151,1467
3152,187
3153,706
3154,713
3155,3629
3156,538
3157,243
3158,733
3159,2242
3160,669
3161,3162
3162,2253
3163,2831
3164,1906
3165,3821
3166,2458
3167,3580
3168,4469
3169,3277
3170,2205
3171,615
3172,3868
3173,4001
3174,1073
3175,969
3176,1777
3177,4210
3178,3450
3179,2402
3180,1615
3181,2397
3182,800
3183,3839
3184,3651
3185,3015
3186,1785
3187,3327
3188,646
3189,1879
3190,2172
3191,3732
3192,962
3193,3928
3194,2204
3195,782
3196,2829
3197,750
3198,1849
3199,2893
3200,3316
3201,2110
3202,3433
3203,2395
3204,2974
3205,4238
3206,2222
3207,3562
3208,2807
3209,548
3210,2615
3211,3075
3212,3201
3213,1584
3214,1292
3215,2290
3216,3469
3217,4099
3218,654
3219,4287
3220,1620
3221,1593
3222,2259
3223,2556
3224,2267
3225,1881
3226,2158
3227,256
3228,3322
3229,2937
3230,990
3231,2047
3232,4271
3233,1987
3234,3983
3235,4220
3236,1869
3237,602
3238,4129
3239,1578
3240,959
3241,2821
3242,3383
3243,834
3244,4395
3245,2594
3246,590
3247,2688
3248,4233
3249,1079
3250,1002
3251,4255
3252,188
3253,215
3254,269
3255,3415
3256,2825
3257,3960
3258,2743
3259,3168
3260,2752
3261,496
3262,2863
3263,3576
3264,3455
3265,4405
3266,3203
3267,1539
3268,3965
3269,3099
3270,734
3271,1201
3272,78
3273,1144
3274,2417
3275,2531
3276,1928
3277,2834
3278,2859
3279,1155
3280,4479
3281,2286
3282,4391
3283,1556
3284,816
3285,2864
3286,4460
3287,1839
3288,1306
3289,2059
3290,630
3291,3438
3292,4183
3293,4258
3294,1301
3295,2942
3296,2075
3297,348
3298,1100
3299,2443
3300,2691
3301,353
3302,1031
3303,390
3304,1526
3305,1078
3306,3532
3307,2316
3308,618
3309,722
3310,815
3311,2111
3312,1156
3313,3471
3314,3634
3315,896
3316,1369
3317,2177
3318,4174
3319,2370
3320,2982
3321,2229
3322,3347
3323,1331
3324,1343
3325,3671
3326,1246
3327,500
3328,1463
3329,1914
3330,4091
3331,2805
3332,2040
3333,2176
3334,1991
3335,1096
3336,2478
3337,3286
3338,935
3339,358
3340,3497
3341,2419
3342,2083
3343,415
3344,3021
3345,2198
3346,2202
3347,3667
3348,799
3349,872
3350,29
3351,3470
3352,417
3353,554
3354,3873
3355,1960
3356,3001
3357,300
3358,479
3359,1978
3360,613
3361,4135
3362,1683
3363,835
3364,3472
3365,513
3366,3681
3367,3855
3368,3823
3369,504
3370,2988
3371,696
3372,3790
3373,4123
3374,2690
3375,1219
3376,1625
3377,64
3378,2433
3379,2206
3380,3078
3381,2568
3382,707
3383,3807
3384,1495
3385,868
3386,4332
3387,4343
3388,3883
3389,2665
3390,3556
3391,2824
3392,1594
3393,1716
3394,508
3395,2696
3396,2496
3397,2718
3398,1870
3399,3344
3400,890
3401,2789
3402,1207
3403,690
3404,4394
3405,4040
3406,3683
3407,1640
3408,1480
3409,3815
3410,2706
3411,57
3412,3329
3413,952
3414,943
3415,562
3416,1386
3417,2103
3418,3630
3419,2809
3420,2697
3421,3886
3422,2795
3423,4249
3424,925
3425,1103
3426,2244
3427,160
3428,523
3429,408
3430,4264
3431,1582
3432,3594
3433,828
3434,259
3435,3836
3436,1434
3437,389
3438,3288
3439,3403
3440,3492
3441,3765
3442,3755
3443,728
3444,1904
3445,4346
3446,2602
3447,2451
3448,877
3449,2666
3450,680
3451,2104
3452,2385
3453,2049
3454,3538
3455,4137
3456,3324
3457,3600
3458,3011
3459,3476
3460,218
3461,1665
3462,2061
3463,3754
3464,4378
3465,2379
3466,2915
3467,2614
3468,2616
3469,4108
3470,2644
3471,4325
3472,2025
3473,3400
3474,4065
3475,3424
3476,2919
3477,303
3478,3467
3479,2228
3480,4349
3481,4211
3482,742
3483,1047
3484,3381
3485,1180
3486,4408
3487,227
3488,2554
3489,1627
3490,3792
3491,90
3492,2881
3493,4048
3494,2806
3495,443
3496,119
3497,1220
3498,2875
3499,3800
3500,2539
3501,1972
3502,3563
3503,3590
3504,3361
3505,812
3506,4229
3507,1968
3508,3103
3509,4188
3510,2574
3511,461
3512,118
3513,973
3514,304
3515,314
3516,1280
3517,3273
3518,1645
3519,1339
3520,2012
3521,1595
3522,2844
3523,758
3524,3575
3525,2281
3526,982
3527,1966
3528,1333
3529,2643
3530,3245
3531,2708
3532,286
3533,3549
3534,322
3535,1086
3536,551
3537,2709
3538,2044
3539,3777
3540,374
3541,114
3542,4444
3543,3893
3544,1776
3545,4257
3546,3100
3547,3561
3548,3880
3549,3269
3550,1813
3551,1076
3552,2396
3553,123
3554,2351
3555,784
3556,4155
3557,1016
3558,1538
3559,383
3560,1454
3561,1093
3562,3572
3563,1491
3564,2484
3565,1513
3566,3661
3567,3879
3568,3956
3569,4330
3570,3980
3571,2299
3572,822
3573,130
3574,1768
3575,1400
3576,3035
3577,4022
3578,1871
3579,2613
3580,1250
3581,1092
3582,4206
3583,4126
3584,4475
3585,4485
3586,1542
3587,2117
3588,740
3589,552
3590,3337
3591,271
3592,1094
3593,1189
3594,4232
3595,2162
3596,1496
3597,1816
3598,2841
3599,3746
3600,1451
3601,1447
3602,3862
3603,4283
3604,3079
3605,632
3606,4186
3607,4266
3608,401
3609,316
3610,1669
3611,3117
3612,2639
3613,2448
3614,2917
3615,691
3616,2002
3617,332
3618,3039
3619,1699
3620,1225
3621,1056
3622,1824
3623,1101
3624,528
3625,1857
3626,517
3627,768
3628,3411
3629,285
3630,1692
3631,1967
3632,3523
3633,3391
3634,507
3635,4178
3636,2683
3637,1075
3638,3788
3639,2908
3640,4256
3641,4074
3642,3796
3643,847
3644,1479
3645,1666
3646,1783
3647,1173
3648,4005
3649,151
3650,1360
3651,1266
3652,2583
3653,4239
3654,1845
3655,85
3656,3136
3657,3866
3658,1555
3659,4171
3660,3048
3661,1698
3662,687
3663,2717
3664,4164
3665,3567
3666,814
3667,3635
3668,4286
3669,1470
3670,4372
3671,3306
3672,2280
3673,3659
3674,1623
3675,790
3676,1458
3677,442
3678,1684
3679,4061
3680,4310
3681,2750
3682,4458
3683,4153
3684,2945
3685,2850
3686,3333
3687,117
3688,3593
3689,3446
3690,1062
3691,2569
3692,659
3693,1861
3694,914
3695,723
3696,3750
3697,4071
3698,2712
3699,3810
3700,2369
3701,4423
3702,1384
3703,3931
3704,1392
3705,3871
3706,3370
3707,4291
3708,3410
3709,1874
3710,1356
3711,1111
3712,4059
3713,2794
3714,1860
3715,3958
3716,1326
3717,274
3718,2830
3719,95
3720,3194
3721,3617
3722,1372
3723,1655
3724,2731
3725,3544
3726,3489
3727,2577
3728,3165
3729,4377
3730,749
3731,3311
3732,2723
3733,1756
3734,1057
3735,4451
3736,657
3737,3675
3738,1257
3739,3133
3740,1668
3741,2105
3742,4180
3743,2086
3744,2629
3745,3204
3746,3770
3747,159
3748,3449
3749,425
3750,2585
3751,2262
3752,3895
3753,2487
3754,497
3755,2467
3756,3366
3757,2016
3758,1116
3759,506
3760,1025
3761,3390
3762,3953
3763,1905
3764,1577
3765,2149
3766,3982
3767,3619
3768,3088
3769,2819
3770,3835
3771,3784
3772,2381
3773,2667
3774,3157
3775,625
3776,1305
3777,936
3778,689
3779,1256
3780,3582
3781,2434
3782,2993
3783,378
3784,3664
3785,2797
3786,4143
3787,2283
3788,2157
3789,199
3790,3706
3791,2578
3792,3941
3793,627
3794,2714
3795,2606
3796,3399
3797,3477
3798,2459
3799,785
3800,1345
3801,1407
3802,4308
3803,1622
3804,1278
3805,3166
3806,1995
3807,2588
3808,437
3809,1218
3810,154
3811,2964
3812,1115
3813,529
3814,3434
3815,1963
3816,1883
3817,929
3818,1259
3819,4109
3820,3063
3821,3218
3822,2848
3823,72
3824,3271
3825,1481
3826,2102
3827,409
3828,1516
3829,2565
3830,1747
3831,2308
3832,2958
3833,3130
3834,1975
3835,1820
3836,2085
3837,1074
3838,1347
3839,2686
3840,989
3841,2566
3842,4151
3843,3298
3844,1646
3845,287
3846,972
3847,2514
3848,93
3849,2298
3850,2116
3851,1247
3852,3869
3853,309
3854,3287
3855,603
3856,3942
3857,2546
3858,384
3859,3902
3860,1700
3861,3620
3862,3113
3863,2901
3864,870
3865,2702
3866,609
3867,3997
3868,1187
3869,697
3870,1303
3871,3938
3872,3047
3873,431
3874,1575
3875,4263
3876,2675
3877,202
3878,3892
3879,1629
3880,4152
3881,3458
3882,1349
3883,2860
3884,1439
3885,2968
3886,2092
3887,2216
3888,3947
3889,3647
3890,1528
3891,229
3892,3641
3893,4049
3894,940
3895,2314
3896,2953
3897,2136
3898,1300
3899,2581
3900,424
3901,3640
3902,2053
3903,4415
3904,2143
3905,862
3906,1592
3907,1241
3908,79
3909,4278
3910,3237
3911,3976
3912,84
3913,3318
3914,214,2333
3915,1833
3916,2101
3917,2371
3918,487
3919,4036
3920,2334
3921,2544
3922,3506
3923,3321
3925,138
3926,2409
3927,1915
3928,2391
3929,1779
3930,2773
3931,2234
3932,878
3933,3420
3934,3002
3935,2567
3936,2861
3937,13
3938,2221
3939,68
3940,4384
3941,345
3942,1766
3943,59
3944,25
3945,2439
3946,1956
3947,2533
3948,2287
3950,3012
3951,2275
3952,9
3953,1137
3954,1045
3955,56
3956,1676
3957,55
3958,2499
3959,3595
3960,2513
3961,1323
3962,3830
3963,3720
3964,900
3965,4439
3966,887
3967,1607
3968,2505
3969,175
3970,3050
3971,31
3972,3104
3973,4459
3974,2564
3975,206
3976,4433
3977,2811
3980,2527
3981,1885
3982,200
3983,3260
3984,4130
3985,2840
3986,2412
3987,1743
3988,1095
3990,4098
3991,3258
3992,819
3993,2746
3994,172
3995,3783
3996,3812
3997,2976
3998,245
3999,4478
4000,2518
4001,1140
4002,3704
4003,2663
4004,1359
4005,7
4006,2330
4007,2261
4008,1774
4009,101
4010,3296
4011,1614
4012,3859
4013,2077
4014,4063
4015,3882
4016,622
4017,2833
4019,4404
4020,2126
4021,2035
4022,2322
4023,2877
4024,4401
4026,1203
4027,2764
4028,76
4029,2669
4030,4383
4031,4245
4032,2348
4033,1999
4034,4434
4035,2896
4036,1231
4037,2572
4039,3304
4040,62
4041,2372
4042,1940
4043,2
4044,4400
4045,30
4046,2421
4047,3105
4048,2323
4049,4379
4050,3161
4051,1449
4052,2760
4053,955
4054,12
4055,1946
4056,1432
4057,4424
4058,2994
4059,2294
4060,198
4061,98
4062,4181
4063,3604
4064,2377
4065,34
4066,2956
4067,2857
4068,2127
4069,4465
4071,1268
4072,1033
4073,2209
4074,1632
4075,2735
4076,4420
4077,273
4078,3584
4079,295
4080,981
4081,3919
4082,4413
4083,3794
4084,3147
4085,829
4086,1200
4087,20
4088,38
4089,2707
4090,1586
4091,211
4092,3838
4093,224
4094,586
4095,152
4096,1124
4097,2181
4098,4317
4100,2715
4101,4388
4102,4442
4103,2200
4104,3158
4105,1222
4106,1741
4107,33
4108,4430
4109,1559
4110,3024
4111,193
4112,4452
4113,1141
4114,4259
4115,1794
4116,125
4117,3738
4118,729
4119,540
4120,2719
4121,813
4122,3831
4123,136
4125,700
4126,3128
4127,1316
4128,3496
4129,163
4130,36
4131,1751
4132,451
4133,4161
4134,3255
4135,2906
4136,2190
4137,249
4138,1896
4139,368
4140,1148
4141,2352
4142,4457
4143,3232
4144,2288
4145,223
4146,580
4147,116
4148,1435
4149,2180
4150,10
4151,4466
4152,2168
4153,803
4154,4429
4155,1287
4156,3267
4157,4445
4158,2742
4159,4009
4161,2812
4162,604
4163,2786
4164,4410
4165,4368
4166,427
4167,4489
4168,588
4169,2888
4170,4269
4171,398
4172,3049
4173,2368
4174,4417
4175,3522
4176,3129
4177,2876
4178,4446
4179,2146
4180,3045
4181,377
4183,6
4184,1612
4185,4482
4186,41
4187,110
4188,3174
4189,2170
4190,3973
4191,937
4192,4472
4193,196,219,238
4194,4437
4195,4488
4196,19,27
4197,4093
4198,2407
4199,61
4200,4309
4201,2254
4202,2508
4203,470
4204,1938
4205,1046
4206,692
4207,1322
4208,2593
4209,3513
4210,2483
4211,3680
4212,3551
4213,2884
4214,3051
4215,2403
4216,3155
4217,4370
4218,1490
4219,3384
4220,4300
4221,1791
4222,1
4223,4337
4224,3046
4225,45
4226,967
4227,1068
4228,3167
4229,3219
4230,2950
4231,1656
4232,35
4233,2367
4234,139
4235,2547
4236,2235
4237,3633
4238,3970
4239,1151
4240,3602
4241,216
4242,2517
4243,4487
4244,2129
4245,210
4246,14
4247,158
4248,4477
4249,1997
4250,3365
4251,51
4252,531
4253,3170
4254,3314
4255,86
4256,2277
4257,2655
4258,4480
4259,4471
4260,228
4261,2562
4262,201
4263,2542
4264,2772
4266,161
4267,2305
4268,2258
4269,851
4270,3666
4271,2890
4272,1771
4273,2880
4274,179
4275,3709
4276,1581
4277,2390
4278,3861
4279,32
4280,3844
4281,3289
4282,4443
4283,2401
4285,3152
4286,2659
4287,3505
4288,70
4289,2839
4290,2700
4291,8
4292,1118
4294,2933
4295,2073
4296,89
4297,2931
4298,2553
4299,17
4300,260
4301,141
4302,1778
4303,2145
4304,3199
4305,235
4306,3069
4307,5
4308,2236,2238
4309,4140
4310,4
4311,4432
4312,2043
4313,3107,3120
4314,77
4315,404
4316,4293
4317,16
4318,4486
4319,755
4320,2430
4321,4481
4322,4213
4323,2498
4324,4463
4325,2303
4326,1235
4327,2576
4328,3929
4329,1984
4330,1796
4331,39
4332,3568
4333,11
4334,2109
4335,176
4336,278
4337,4398
4338,195
4339,367
4340,3453
4341,1013
4342,2713
4343,283
4344,69
4345,2856
4346,569
4347,3901
4348,3150
4349,3017
4350,1196
4351,1787
4352,23
4353,726
4354,456
4355,1291
4356,793
4357,4428
4358,65
4359,43
4360,3725
4361,671
4362,4089
4363,2549
4364,2343
4365,3601
4366,2062
4367,47
4368,1661
4369,1970
4370,1184
4372,22
4373,28
4374,3186
4375,2332
4376,2787
4377,2453
4378,2661
4379,83
4380,1990
4381,1474
4382,4097
4383,3924
4384,2579
4385,944
4386,3110
4387,467
4388,2365
4389,3257
4390,1902
4391,1055
4392,3448
4393,26
4394,4389
4395,3723
4396,66
4397,577
4398,3660
4399,21
4400,3371
4401,4414
4402,3631
4403,1798
4404,2662
4405,3362
4406,2952
4407,2358
4408,3962
4409,1426
4410,3
4411,2761
4412,1537
4413,2031
4414,634
4415,2589
4416,1440
4417,180
4418,2980
4419,3756
4420,753
4421,703
4422,18
4423,88
4424,2930
4425,1517
4426,42
4427,3493
4428,2108
4429,3023
4430,15